Workbook

Sheet Start Here
A1: Fleet Booking and Dispatch Portal - Testing the deployed web parts
A3: What this is | B3: A step-by-step run for the five deployed web parts. One sheet per web part, in the order to work through them. Follow the Step column from top to bottom on each sheet. It is written for the list data you sent on 9 Oct 2026.
A4: Work through the sheets in this order | B4: 0 Deployment check - is everything deployed and is the data in the expected state. 1 Book a Ride - the wizard screens. 2 Booking results - what each kind of booking leads to. 3 My Bookings. 4 Driver Dashboard. 5 Dispatch Dashboard. 6 Fleet Reports - last, so there is data to report on. 7 Across web parts - roles, full journeys, permissions, look and feel.
A5: What is not in here | B5: Build and packaging steps (already done) and the Power Automate flows. A few rows are marked 'Yes' under 'Flow related': they describe what you will see while the flows are not running, or say how to imitate the flow by hand. The full flow tests are module 09 of Fleet-Portal-Test-Cases-Live-Data.xlsx.
A6: Cells you fill in | B6: The yellow cells: Actual result, Status, Notes / Bug ID, Tested by, Date tested. On Data Findings and Code Review Risks: Confirmed? and Notes. On Bug Log: every column.
A7: Status values | B7: Not Run (default), Pass, Fail, Blocked (cannot be run yet, for example it needs a second driver login), N/A. The Progress sheet counts them for you.
A8: Logins | B8: REQ: the requester. Your existing requests belong to Noreply Myhub. DRV: the driver login, Queinfotech aliakbar, which acts as Rashid Al Mansoori. COORD: whoever uses the Dispatch page. Do not use a driver login for this. DRV2: a second driver login, once Suresh Nair has his own account.
A9: Assumptions | B9: DLClientMaster, AvailabilityBlocks, RideOffers and TripAssignments were not supplied. The expected results assume each driver is linked only to their home property, Ali Hassan has no Leave block, and no trip is open. Steps SET-005 to SET-007 on sheet 0 confirm this before you start.
A10: Standard booking | B10: Many steps say: pickup Head Office, destination Reem Island Office, Today, a slot within the next 4 hours, Staff, Kicks / Creta, 2 passengers. It is the one combination that reaches the driver you can sign in as (Rashid).
A11: Keep open while testing | B11: In a second tab: the lists TransportRequests, RideOffers, TripAssignments, TripStatusHistory, DriversMaster, VehicleMaster. In the browser: the console (F12). The engine explains every decision there in lines starting [FleetPortal].
A12: Clean up as you go | B12: A request that nobody accepts stays Broadcasting for ever unless Flow 2 is running. After a test, cancel left-over requests from the Dispatch page.
A13: How long things take | B13: Driver page refreshes every 20 s, My Bookings 30 s, Dispatch 60 s, the booking wizard 10 s.
A14: References between steps | B14: Steps refer to each other by ID, for example 'DRV-011'. IDs are the same as in the live-data workbook; use Ctrl+F across the workbook to find one.
A15: Example of a filled row | B15: Actual result: 'Went to Awaiting Coordinator, no offers, console said vehicles of this type at this property: 0.' Status: Pass Tested by: MAS Date tested: 12-Oct-2026

Sheet Progress
A1: Progress
A2: Counts update as you set Status on each sheet.
A4: Sheet | B4: Total | C4: Pass | D4: Fail | E4: Blocked | F4: N/A | G4: Not Run | H4: % run | I4: % passed of run
A5: 0 Deployment check | B5: =COUNTA('0 Deployment check'!$K$5:$K$27) -> 23 | C5: =COUNTIF('0 Deployment check'!$K$5:$K$27,"Pass") -> 0 | D5: =COUNTIF('0 Deployment check'!$K$5:$K$27,"Fail") -> 0 | E5: =COUNTIF('0 Deployment check'!$K$5:$K$27,"Blocked") -> 0 | F5: =COUNTIF('0 Deployment check'!$K$5:$K$27,"N/A") -> 0 | G5: =COUNTIF('0 Deployment check'!$K$5:$K$27,"Not Run") -> 23 | H5: =IF(B5=0,0,(B5-G5)/B5) -> 0 | I5: =IF((C5+D5)=0,0,C5/(C5+D5)) -> 0
A6: 1 Book a Ride | B6: =COUNTA('1 Book a Ride'!$K$5:$K$44) -> 40 | C6: =COUNTIF('1 Book a Ride'!$K$5:$K$44,"Pass") -> 0 | D6: =COUNTIF('1 Book a Ride'!$K$5:$K$44,"Fail") -> 0 | E6: =COUNTIF('1 Book a Ride'!$K$5:$K$44,"Blocked") -> 0 | F6: =COUNTIF('1 Book a Ride'!$K$5:$K$44,"N/A") -> 0 | G6: =COUNTIF('1 Book a Ride'!$K$5:$K$44,"Not Run") -> 40 | H6: =IF(B6=0,0,(B6-G6)/B6) -> 0 | I6: =IF((C6+D6)=0,0,C6/(C6+D6)) -> 0
A7: 2 Booking results | B7: =COUNTA('2 Booking results'!$K$5:$K$30) -> 26 | C7: =COUNTIF('2 Booking results'!$K$5:$K$30,"Pass") -> 0 | D7: =COUNTIF('2 Booking results'!$K$5:$K$30,"Fail") -> 0 | E7: =COUNTIF('2 Booking results'!$K$5:$K$30,"Blocked") -> 0 | F7: =COUNTIF('2 Booking results'!$K$5:$K$30,"N/A") -> 0 | G7: =COUNTIF('2 Booking results'!$K$5:$K$30,"Not Run") -> 26 | H7: =IF(B7=0,0,(B7-G7)/B7) -> 0 | I7: =IF((C7+D7)=0,0,C7/(C7+D7)) -> 0
A8: 3 My Bookings | B8: =COUNTA('3 My Bookings'!$K$5:$K$23) -> 19 | C8: =COUNTIF('3 My Bookings'!$K$5:$K$23,"Pass") -> 0 | D8: =COUNTIF('3 My Bookings'!$K$5:$K$23,"Fail") -> 0 | E8: =COUNTIF('3 My Bookings'!$K$5:$K$23,"Blocked") -> 0 | F8: =COUNTIF('3 My Bookings'!$K$5:$K$23,"N/A") -> 0 | G8: =COUNTIF('3 My Bookings'!$K$5:$K$23,"Not Run") -> 19 | H8: =IF(B8=0,0,(B8-G8)/B8) -> 0 | I8: =IF((C8+D8)=0,0,C8/(C8+D8)) -> 0
A9: 4 Driver Dashboard | B9: =COUNTA('4 Driver Dashboard'!$K$5:$K$38) -> 34 | C9: =COUNTIF('4 Driver Dashboard'!$K$5:$K$38,"Pass") -> 0 | D9: =COUNTIF('4 Driver Dashboard'!$K$5:$K$38,"Fail") -> 0 | E9: =COUNTIF('4 Driver Dashboard'!$K$5:$K$38,"Blocked") -> 0 | F9: =COUNTIF('4 Driver Dashboard'!$K$5:$K$38,"N/A") -> 0 | G9: =COUNTIF('4 Driver Dashboard'!$K$5:$K$38,"Not Run") -> 34 | H9: =IF(B9=0,0,(B9-G9)/B9) -> 0 | I9: =IF((C9+D9)=0,0,C9/(C9+D9)) -> 0
A10: 5 Dispatch Dashboard | B10: =COUNTA('5 Dispatch Dashboard'!$K$5:$K$42) -> 38 | C10: =COUNTIF('5 Dispatch Dashboard'!$K$5:$K$42,"Pass") -> 0 | D10: =COUNTIF('5 Dispatch Dashboard'!$K$5:$K$42,"Fail") -> 0 | E10: =COUNTIF('5 Dispatch Dashboard'!$K$5:$K$42,"Blocked") -> 0 | F10: =COUNTIF('5 Dispatch Dashboard'!$K$5:$K$42,"N/A") -> 0 | G10: =COUNTIF('5 Dispatch Dashboard'!$K$5:$K$42,"Not Run") -> 38 | H10: =IF(B10=0,0,(B10-G10)/B10) -> 0 | I10: =IF((C10+D10)=0,0,C10/(C10+D10)) -> 0
A11: 6 Fleet Reports | B11: =COUNTA('6 Fleet Reports'!$K$5:$K$26) -> 22 | C11: =COUNTIF('6 Fleet Reports'!$K$5:$K$26,"Pass") -> 0 | D11: =COUNTIF('6 Fleet Reports'!$K$5:$K$26,"Fail") -> 0 | E11: =COUNTIF('6 Fleet Reports'!$K$5:$K$26,"Blocked") -> 0 | F11: =COUNTIF('6 Fleet Reports'!$K$5:$K$26,"N/A") -> 0 | G11: =COUNTIF('6 Fleet Reports'!$K$5:$K$26,"Not Run") -> 22 | H11: =IF(B11=0,0,(B11-G11)/B11) -> 0 | I11: =IF((C11+D11)=0,0,C11/(C11+D11)) -> 0
A12: 7 Across web parts | B12: =COUNTA('7 Across web parts'!$K$5:$K$43) -> 39 | C12: =COUNTIF('7 Across web parts'!$K$5:$K$43,"Pass") -> 0 | D12: =COUNTIF('7 Across web parts'!$K$5:$K$43,"Fail") -> 0 | E12: =COUNTIF('7 Across web parts'!$K$5:$K$43,"Blocked") -> 0 | F12: =COUNTIF('7 Across web parts'!$K$5:$K$43,"N/A") -> 0 | G12: =COUNTIF('7 Across web parts'!$K$5:$K$43,"Not Run") -> 39 | H12: =IF(B12=0,0,(B12-G12)/B12) -> 0 | I12: =IF((C12+D12)=0,0,C12/(C12+D12)) -> 0
A13: All sheets | B13: =SUM(B5:B12) -> 241 | C13: =SUM(C5:C12) -> 0 | D13: =SUM(D5:D12) -> 0 | E13: =SUM(E5:E12) -> 0 | F13: =SUM(F5:F12) -> 0 | G13: =SUM(G5:G12) -> 241 | H13: =IF(B13=0,0,(B13-G13)/B13) -> 0 | I13: =IF((C13+D13)=0,0,C13/(C13+D13)) -> 0

Sheet 0 Deployment check
A1: Deployment check
A2: Confirm the deployment itself and the state of the data before testing any feature.
A4: Step | B4: ID | C4: Feature | D4: Sign in as | E4: Priority | F4: Flow related | G4: Before you start | H4: Test steps | I4: Expected result | J4: Actual result | K4: Status | L4: Notes / Bug ID | M4: Tested by | N4: Date tested
A5: 1 | B5: DEP-001 | C5: App catalog | D5: Tenant or site admin | E5: High | F5: No | G5: You can open the App Catalog. | H5: 1. Open the App Catalog and find 'Fleet Booking and Dispatch Portal'. | I5: - The app is listed, version 1.0.0.0, with no error in the 'App package error message' column. - 'Deployed' / 'Enabled' is Yes and it was made available to all sites (or added to the travel site). - Note the 'Modified' date; it should be the day you last uploaded the package. | K5: Not Run
A6: 2 | B6: DEP-002 | C6: Web part toolbox | D6: Page editor | E6: High | F6: No | G6: Any page on the site in edit mode. | H6: 1. Click + to add a web part and search for 'Fleet'. | I6: Five web parts appear in the group 'Fleet Booking and Dispatch': Book a Ride, My Bookings, Driver Dashboard, Dispatch Dashboard, Fleet Reports. | K6: Not Run
A7: 3 | B7: DEP-003 | C7: Pages | D7: Page editor | E7: High | F7: No | G7: - | H7: 1. Open each of your five pages and write its URL in Notes. 2. Confirm each page is published, not a draft. | I7: One page per web part, all published. Do not put several of these web parts on one page: each one polls, and the Driver Dashboard changes the browser tab title. | K7: Not Run
A8: 4 | B8: DEP-004 | C8: First load - Book a Ride | D8: REQ | E8: High | F8: No | G8: Open the page in a fresh browser window with the console open (F12). | H8: 1. Load the Book a Ride page. | I8: Heading 'Book a ride' and step 1 of the wizard appear within a few seconds. No red banner. No red errors in the console. | K8: Not Run
A9: 5 | B9: DEP-005 | C9: First load - My Bookings | D9: REQ | E9: High | F9: No | G9: Console open. | H9: 1. Load the My Bookings page. | I9: Heading 'My bookings' with the request grid (or 'You have not booked anything yet'). No red banner, no console errors. | K9: Not Run
A10: 6 | B10: DEP-006 | C10: First load - Driver Dashboard | D10: DRV | E10: High | F10: No | G10: Console open. | H10: 1. Load the Driver Dashboard page. | I10: Heading 'Driver dashboard' with the three sections, or 'You are not set up as a driver' if this login has no DriversMaster row. No red banner, no console errors. | K10: Not Run
A11: 7 | B11: DEP-007 | C11: First load - Dispatch Dashboard | D11: COORD | E11: High | F11: No | G11: Console open. | H11: 1. Load the Dispatch Dashboard page. | I11: Heading 'Dispatch dashboard', six counters and the grids. No red banner, no console errors. | K11: Not Run
A12: 8 | B12: DEP-008 | C12: First load - Fleet Reports | D12: COORD | E12: High | F12: No | G12: Console open. | H12: 1. Load the Fleet Reports page. | I12: Heading 'Fleet reports', the filter bar and the report buttons. No red banner, no console errors. | K12: Not Run
A13: 9 | B13: DEP-009 | C13: Latest version is being served | D13: Any | E13: High | F13: No | G13: You have redeployed at least once. | H13: 1. Press Ctrl+F5 on each page. 2. In the network tab filter on '.js' and find the five bundles (book-a-ride, my-bookings, driver-dashboard, dispatch-dashboard, reports). 3. Open the page in a private window as well. | I13: All bundles load with status 200 (no 404). The normal window and the private window show the same behaviour, so you are not testing a cached old build. | K13: Not Run
A14: 10 | B14: DEP-010 | C14: Fonts | D14: Any | E14: Medium | F14: No | G14: Network tab open, filter on 'woff'. | H14: 1. Reload any of the five pages. 2. Look at the heading font. | I14: The font files load from <site>/SiteAssets/fonts with status 200. If they return 404, the fonts were never uploaded to Site Assets and the pages fall back to a default font. Record the status. | K14: Not Run
A15: 11 | B15: DEP-011 | C15: Lists present | D15: Site owner | E15: High | F15: No | G15: Site contents open. | H15: 1. Confirm these lists exist: PropertyMaster, DLClientMaster, VehicleTypes, Locations, DriversMaster, VehicleMaster, AllocationRules, TransportRequests, TripAssignments, RideOffers, TripStatusHistory, AvailabilityBlocks. | I15: All twelve exist. A missing list shows on the page as a red banner naming what could not be loaded. | K15: Not Run
A16: 12 | B16: DEP-012 | C16: Who can open each page | D16: REQ, DRV, COORD | E16: Medium | F16: No | G16: - | H16: 1. Sign in with each login and open all five pages. | I16: Record which login can open which page. By design requesters use Book a Ride and My Bookings, drivers the Driver Dashboard, Coordinators the Dispatch Dashboard and Reports. The web parts do not block the wrong role themselves; page and list permissions must. | K16: Not Run
... A27: 23 | B27: SET-012 | C27: Clean-up habit | D27: COORD | E27: Low | F27: No | G27: None. | H27: 1. After any booking test whose request you no longer need, open the Dispatch page and Cancel it with the reason 'test clean-up'. | I27: Without Flow 2, every request left Broadcasting stays there for ever. Cancelling keeps the Pending grid readable. | K27: Not Run

Sheet 1 Book a Ride
A1: Book a Ride
A2: The booking wizard, screen by screen.
A4: Step | B4: ID | C4: Feature | D4: Sign in as | E4: Priority | F4: Flow related | G4: Before you start | H4: Test steps | I4: Expected result | J4: Actual result | K4: Status | L4: Notes / Bug ID | M4: Tested by | N4: Date tested
A5: 1 | B5: BAR-001 | C5: Load | D5: REQ | E5: High | F5: No | G5: - | H5: 1. Open Book a Ride. | I5: - Heading 'Book a ride', caption 'Four steps. Everything is a choice from a list, so nothing can be mistyped.' - Steps: Where, When, Request type, Vehicle. Back is disabled. Primary button 'Continue'. | K5: Not Run
A6: 2 | B6: BAR-002 | C6: Step 1 - default pickup | D6: REQ | E6: Medium | F6: No | G6: REQ is not a driver. | H6: 1. Look at Pickup point before touching it. | I6: Nothing is pre-selected. Placeholder 'Search for a pickup point'. | K6: Not Run
A7: 3 | B7: BAR-003 | C7: Step 1 - default pickup | D7: DRV | E7: Medium | F7: No | G7: DRV is Rashid, home Al Maryah Tower. | H7: 1. Open Book a Ride as DRV and look at Pickup point. | I7: A location of Al Maryah Tower is pre-selected. You would expect 'Head Office'. Record which one is shown. | K7: Not Run
A8: 4 | B8: BAR-004 | C8: Step 1 - list | D8: REQ | E8: High | F8: No | G8: - | H8: 1. Click in Destination with nothing typed. | I8: 12 locations are listed, each with its address. 'Old Depot (closed)' is NOT listed because it is inactive. | K8: Not Run
A9: 5 | B9: BAR-005 | C9: Step 1 - search | D9: REQ | E9: High | F9: No | G9: - | H9: 1. Type: yas 2. Clear it and type: mussafah 3. Clear it and type: airport | I9: - 'yas': Yas Mall, Yas Resort Reception, Yas Staff Accommodation. - 'mussafah': Central Warehouse only (matched on its address; Old Depot is inactive). - 'airport': Zayed International Airport T1 and T3. | K9: Not Run
A10: 6 | B10: BAR-006 | C10: Step 1 - search | D10: REQ | E10: High | F10: No | G10: - | H10: 1. Type: old depot 2. Type: zzzz 3. Without choosing anything click Continue. | I10: - Both show 'No location matches that. Try a shorter search.' - Continue is refused with 'Choose a pickup point.' or 'Choose a destination.' Typed text never becomes the answer. | K10: Not Run
A11: 7 | B11: BAR-007 | C11: Step 1 - validation | D11: REQ | E11: Medium | F11: No | G11: - | H11: 1. Choose Head Office for both pickup and destination. 2. Click Continue. | I11: Refused with 'The pickup point and the destination are the same.' | K11: Not Run
A12: 8 | B12: BAR-008 | C12: Step 1 - validation | D12: REQ | E12: Medium | F12: No | G12: No pickup selected. | H12: 1. Choose only a destination. 2. Click Continue. | I12: Refused with 'Choose a pickup point.' | K12: Not Run
A13: 9 | B13: BAR-009 | C13: Step 1 - cross property | D13: REQ | E13: Medium | F13: No | G13: - | H13: 1. Pickup Head Office (Al Maryah Tower), destination Yas Mall (Yas Island Resort). 2. Click Continue. | I13: Accepted. A trip may run between properties; it belongs to the pickup's property. | K13: Not Run
A14: 10 | B14: BAR-010 | C14: Step 2 - slots | D14: REQ | E14: High | F14: No | G14: Step 1 done. | H14: 1. Read the slot grid for Today. | I14: 48 slots at 30-minute steps in 24-hour Gulf time. Every slot earlier than now + 15 minutes is disabled. | K14: Not Run
A15: 11 | B15: BAR-011 | C15: Step 2 - validation | D15: REQ | E15: High | F15: No | G15: - | H15: 1. Click Continue without choosing a slot. | I15: Refused with 'Choose a time.' | K15: Not Run
A16: 12 | B16: BAR-012 | C16: Step 2 - another day | D16: REQ | E16: High | F16: No | G16: - | H16: 1. Click 'Another day' and pick tomorrow. | I16: A Date field appears; all 48 slots are enabled and the label shows tomorrow's date. | K16: Not Run
... A44: 40 | B44: BAR-040 | C44: Web part settings | D44: Page editor | E44: Low | F44: No | G44: Edit the page. | H44: 1. Open the property pane; set the default property ID to Yas Island Resort's ID. 2. Reload as REQ. | I44: Pickup now defaults to a Yas Island Resort location. The poll interval setting changes how often screens 5 and 7 refresh. | K44: Not Run

Sheet 2 Booking results
A1: Booking results
A2: What happens to a request after Submit: who is offered it, or why it goes to the Coordinator. Book from the Book a Ride page, then check the lists.
A4: Step | B4: ID | C4: Feature | D4: Sign in as | E4: Priority | F4: Flow related | G4: Before you start | H4: Test steps | I4: Expected result | J4: Actual result | K4: Status | L4: Notes / Bug ID | M4: Tested by | N4: Date tested
A5: 1 | B5: ALC-001 | C5: Al Maryah - Kicks / Creta | D5: REQ | E5: High | F5: No | G5: SET-005 to SET-007 done. No open trips. Driver links assumed home-property only. | H5: 1. Book: pickup Head Office, destination Reem Island Office, Today, a slot within the next 4 hours, Staff, Kicks / Creta, 2 passengers. 2. Open the request row and RideOffers. | I5: - ReqStatus Broadcasting. OfferClosesAt = submit time + 15 minutes. - Pending offers for Rashid Al Mansoori (title FB-00nn-D018) and Suresh Nair (FB-00nn-D019). Vehicle column empty. - Arun Prasad is offered it only if the trip window (required time + 2 hours) ends on or before 10 Oct 2026 00:00 Gulf time, when his licence expires. From 10 Oct onward he is never offered anything. - No offer for Mohammed Iqbal (vans only), Jomon Varghese or Ali Hassan (Yas Island Resort). | K5: Not Run
A6: 2 | B6: ALC-002 | C6: Al Maryah - Chiller Van | D6: REQ | E6: High | F6: No | G6: SET-005 to SET-007 done. No open trips. Driver links assumed home-property only. | H6: 1. Book: pickup Central Warehouse, destination Head Office, today, Items or Documents, Chiller Van. | I6: Broadcasting. One offer, for Mohammed Iqbal (FB-00nn-D020). AUH-67890 is the vehicle that will be bound on accept. | K6: Not Run
A7: 3 | B7: ALC-003 | C7: Al Maryah - Patrol | D7: REQ | E7: High | F7: No | G7: SET-005 to SET-007 done. No open trips. Driver links assumed home-property only. | H7: 1. Open the browser console. 2. Book: pickup Head Office, today, Staff, Patrol. | I7: - Awaiting Coordinator at once; OfferClosesAt = submit time; no offers. - Console: '[FleetPortal] FB-00nn escalated to the Coordinator' ... 'vehicles of this type at this property: 0'. Rashid and Suresh are qualified, but the only Patrol (AUH-56789) is based at Yas Island Resort. | K7: Not Run
A8: 4 | B8: ALC-004 | C8: Al Maryah - Pathfinder | D8: REQ | E8: Medium | F8: No | G8: SET-005 to SET-007 done. No open trips. Driver links assumed home-property only. | H8: 1. Book: pickup Head Office, today, Client or Client Guest, Pathfinder. | I8: Awaiting Coordinator. The only Pathfinder (AUH-45678) is at Yas Island Resort. | K8: Not Run
A9: 5 | B9: ALC-005 | C9: Al Maryah - other vans | D9: REQ | E9: Medium | F9: No | G9: SET-005 to SET-007 done. No open trips. Driver links assumed home-property only. | H9: 1. Book three times from Central Warehouse, Items or Documents: Cargo Van, Hot and Cold Van, Animal Van. | I9: All three go to Awaiting Coordinator. There is no Cargo Van in the fleet at all, and the Hot and Cold and Animal vans are at Khalifa Industrial Park. | K9: Not Run
A10: 6 | B10: ALC-006 | C10: Any property - Others | D10: REQ | E10: Medium | F10: No | G10: SET-005 to SET-007 done. No open trips. Driver links assumed home-property only. | H10: 1. Book any request with vehicle type Others and a description. | I10: Awaiting Coordinator. No vehicle is of type Others and no driver lists Others as a qualification, so the Coordinator always handles these. | K10: Not Run
A11: 7 | B11: ALC-007 | C11: Yas - Pathfinder | D11: REQ | E11: High | F11: No | G11: SET-005 to SET-007 done. No open trips. Driver links assumed home-property only. | H11: 1. Book: pickup Yas Resort Reception, destination Yas Mall, today, Client or Client Guest, Pathfinder. | I11: Property Yas Island Resort. Broadcasting. One offer, for Jomon Varghese (FB-00nn-D021). | K11: Not Run
A12: 8 | B12: ALC-008 | C12: Yas - Patrol (driver on leave) | D12: REQ | E12: High | F12: No | G12: SET-005 to SET-007 done. No open trips. Driver links assumed home-property only. Ali Hassan is the only Yas driver qualified for Patrol, and his Status is On Leave. | H12: 1. Book: pickup Yas Resort Reception, destination Yas Mall, today, Staff, Patrol. 2. Check RideOffers. | I12: By design a driver on leave must not be offered work, so this should go to Awaiting Coordinator. Record whether an offer is created for Ali Hassan (FB-00nn-D022). The engine ignores the Status column and only looks for a Leave row in AvailabilityBlocks (SET-006). | K12: Not Run
A13: 9 | B13: ALC-009 | C13: Yas - Patrol with a Leave block | D13: REQ | E13: Medium | F13: No | G13: Add an AvailabilityBlocks row: Driver Ali Hassan, BlockType Leave, from yesterday to next week. | H13: 1. Repeat ALC-008. | I13: Awaiting Coordinator, no offers. The console report shows Ali as 'on leave or otherwise blocked during the trip window'. | K13: Not Run
A14: 10 | B14: ALC-010 | C14: Yas - Kicks / Creta | D14: REQ | E14: Medium | F14: No | G14: SET-005 to SET-007 done. No open trips. Driver links assumed home-property only. | H14: 1. Book: pickup Yas Mall, today, Staff, Kicks / Creta. | I14: Awaiting Coordinator. Jomon is qualified, but the only Kicks / Creta (AUH-90123) is at Al Maryah Tower. | K14: Not Run
A15: 11 | B15: ALC-011 | C15: Khalifa - Staff | D15: REQ | E15: High | F15: No | G15: SET-005 to SET-007 done. No open trips. Driver links assumed home-property only. | H15: 1. Book: pickup Khalifa Admin Block, destination Head Office, today, Staff, Kicks / Creta. | I15: Awaiting Coordinator. No driver has Khalifa Industrial Park as home property (and, assuming home-only links, none is allocated to it), and no passenger vehicle is based there. | K15: Not Run
A16: 12 | B16: ALC-012 | C16: Khalifa - vans | D16: REQ | E16: Medium | F16: No | G16: SET-005 to SET-007 done. No open trips. Driver links assumed home-property only. | H16: 1. Book: pickup Khalifa Plant Gate 2, today, Items or Documents, Hot and Cold Van. Repeat with Animal Van. | I16: Both Awaiting Coordinator. The vans AUH-78901 and AUH-89012 are there, but no driver in DriversMaster is qualified for Hot and Cold Van or Animal Van, so they can never be allocated automatically. | K16: Not Run
... A30: 26 | B30: ALC-026 | C30: Rule inactive | D30: REQ | E30: Low | F30: No | G30: Set IsActive = No on 'Al Maryah Tower - Staff'. | H30: 1. Book: pickup Head Office, destination Reem Island Office, Today, a slot within the next 4 hours, Staff, Kicks / Creta, 2 passengers. | I30: The built-in defaults apply (15-minute window, 4-hour release, Automatic), which match your rules, so the result is the same as ALC-001. Reactivate the rule. | K30: Not Run

Sheet 3 My Bookings
A1: My Bookings
A2: The requester's history and tracking page.
A4: Step | B4: ID | C4: Feature | D4: Sign in as | E4: Priority | F4: Flow related | G4: Before you start | H4: Test steps | I4: Expected result | J4: Actual result | K4: Status | L4: Notes / Bug ID | M4: Tested by | N4: Date tested
A5: 1 | B5: MYB-001 | C5: Load | D5: REQ | E5: High | F5: No | G5: REQ = Noreply Myhub, before any new booking. | H5: 1. Open My Bookings. | I5: - Three rows, newest first: FB-0021, FB-0020, FB-0019. FB-0021 is selected automatically (its button reads 'Showing'). - Columns Reference, Required, From and to, Request type, Status, Actions. | K5: Not Run
A6: 2 | B6: MYB-002 | C6: Load - other login | D6: A login with no bookings | E6: Medium | F6: No | G6: - | H6: 1. Open My Bookings. | I6: 'You have not booked anything yet'. Nobody else's requests are listed. | K6: Not Run
A7: 3 | B7: MYB-003 | C7: Grid values | D7: REQ | E7: Medium | F7: No | G7: - | H7: 1. Read the three rows. | I7: - FB-0021: 07/10/2026, 19:00 · Central Warehouse → Khalifa Plant Gate 2 · Staff · Broadcasting. - FB-0020: 09/10/2026, 19:30 · Central Warehouse → Head Office · Items or Documents · Broadcasting. - FB-0019: 06/10/2026, 19:00 · Head Office → Yas Mall · Staff · Completed. - Each status is a badge with its word. | K7: Not Run
A8: 4 | B8: MYB-004 | C8: Grid filter | D8: REQ | E8: Medium | F8: No | G8: - | H8: 1. Click the Status header, tick Completed, Close. 2. Open it again and Clear. 3. Filter Request type to Staff. | I8: Status filter leaves FB-0019 only and the header shows '▼ filtered (1)'. Clear restores all. Staff leaves FB-0021 and FB-0019. | K8: Not Run
A9: 5 | B9: MYB-005 | C9: Detail - Completed | D9: REQ | E9: High | F9: No | G9: - | H9: 1. Click View on FB-0019. | I9: - Badge Completed. Required 06/10/2026, 19:00; From Head Office; To Yas Mall; Request type Staff; Vehicle type Kicks / Creta; Passengers 3. - If a TripAssignments row exists for it: 'Your driver and vehicle' (name, phone link, colour make model, plate) and a Progress timeline with all four stages reached. Record what is shown. - No cancel button. | K9: Not Run
A10: 6 | B10: MYB-006 | C10: Detail - Broadcasting | D10: REQ | E10: Medium | F10: No | G10: - | H10: 1. Click View on FB-0020. | I10: Notice 'We have your request and are finding you a driver...'. Items row shows 'Documents'. Vehicle type Kicks / Creta. No driver or vehicle details. | K10: Not Run
A11: 7 | B11: MYB-007 | C11: Stuck request | D11: REQ | E11: Medium | F11: No | G11: FB-0021's offer window closed on 7 Oct. | H11: 1. Click View on FB-0021 and read the notice. | I11: It still says a driver is being found, two days after the window closed. Without Flow 2 the requester is never told otherwise. Record it. | K11: Not Run
A12: 8 | B12: MYB-008 | C12: Cancel while Broadcasting | D12: REQ | E12: High | F12: No | G12: FB-0021 is Broadcasting; no driver has accepted. | H12: 1. Select FB-0021 and note the button label. 2. Click it, type a reason, confirm. 3. Check the row, its offers and TripStatusHistory. | I12: By design a request no driver has taken should be cancellable. Record the button label, the message shown, and whether anything was written to any list. | K12: Not Run
A13: 9 | B13: MYB-009 | C13: Cancel - direct | D13: REQ | E13: High | F13: No | G13: A Held request of yours (ALC-014) or one that is Awaiting Coordinator (ALC-003). | H13: 1. Select it and click 'Cancel this booking'. 2. Read the dialog; try to confirm with no reason. 3. Type a reason and click 'Cancel the booking'. 4. Check the row. | I13: - Dialog 'Cancel this booking?' with three consequences; the confirm button is disabled until a reason is typed. - Green notice 'Your booking was cancelled.' Badge Cancelled. - Row: ReqStatus Cancelled, CancellationReason = your text. | K13: Not Run
A14: 10 | B14: MYB-010 | C14: Cancel - dialog | D14: REQ | E14: Medium | F14: No | G14: Cancel dialog open. | H14: 1. Click in the reason box, type nothing, click elsewhere. 2. Click Cancel. | I14: 'A reason is required.' appears. Cancel closes the dialog with no change. | K14: Not Run
A15: 11 | B15: MYB-011 | C15: Cancelled notice | D15: REQ | E15: Medium | F15: No | G15: After MYB-009. | H15: 1. Select the cancelled request. | I15: Notice 'Cancelled: <your reason>'. No cancel button. | K15: Not Run
A16: 12 | B16: MYB-012 | C16: Ask to cancel | D16: REQ | E16: High | F16: No | G16: A request of yours that is Allocated (a driver has accepted). | H16: 1. Select it; read the button. 2. Click it, read the dialog, type a reason, click 'Send the request'. 3. Check the request, the trip and TripStatusHistory. | I16: - Button 'Ask to cancel'. Dialog 'Ask the Coordinator to cancel?'. - Notice: 'A driver has already accepted this trip, so the Transportation Coordinator has been asked to cancel it. Your driver stays assigned until they do.' - Request stays Allocated; trip unchanged; a TripStatusHistory row is added with 'Cancellation requested by the requester: <reason>'. | K16: Not Run
... A23: 19 | B23: MYB-019 | C23: Web part settings | D23: Page editor | E23: Low | F23: No | G23: Edit the page. | H23: 1. Lower the history count to 2 and change the refresh seconds. 2. Reload. | I23: Only the 2 newest requests are listed, refreshing at the new interval. | K23: Not Run

Sheet 4 Driver Dashboard
A1: Driver Dashboard
A2: Offers, accept and reject, and the three status taps.
A4: Step | B4: ID | C4: Feature | D4: Sign in as | E4: Priority | F4: Flow related | G4: Before you start | H4: Test steps | I4: Expected result | J4: Actual result | K4: Status | L4: Notes / Bug ID | M4: Tested by | N4: Date tested
A5: 1 | B5: DRV-001 | C5: Load | D5: DRV | E5: High | F5: No | G5: DRV = Queinfotech aliakbar, acting as Rashid Al Mansoori. | H5: 1. Open the Driver Dashboard. | I5: - Caption 'Signed in as <login name>. Offers refresh automatically.' Buttons 'Sound: off' and 'Refresh now'. - Sections Open offers, My trips today, Completed today. Footer note about the 20-second check. | K5: Not Run
A6: 2 | B6: DRV-002 | C6: Starting state | D6: DRV | E6: High | F6: No | G6: Before any new booking. FB-0020 and FB-0021 are Broadcasting with closed windows. | H6: 1. Read the page. 2. Check RideOffers for Pending rows on FB-0020 and FB-0021. | I6: 'No open offers', even if Pending offer rows still exist in the list: an offer whose window has passed is hidden. No banner, normal tab title. | K6: Not Run
A7: 3 | B7: DRV-003 | C7: New offer arrives | D7: DRV + REQ | E7: High | F7: No | G7: Driver Dashboard open and untouched. | H7: 1. From REQ book: pickup Head Office, destination Reem Island Office, Today, a slot within the next 4 hours, Staff, Kicks / Creta, 2 passengers. 2. Time how long until the card appears. | I7: Within about 20 seconds: a dark banner '1 open ride offer waiting for you. First to accept gets the trip.' and an offer card. No reload needed. | K7: Not Run
A8: 4 | B8: DRV-004 | C8: Offer card | D8: DRV | E8: High | F8: No | G8: The offer from DRV-003. | H8: 1. Read the card. | I8: - Reference, countdown starting near '14 min 59 s left' and ticking every second. - 'Reem Island Office from Head Office', When, Type Staff, Vehicle Kicks / Creta, Passengers 2, Requested by <REQ's name>. - Accept and Reject buttons. The requester's phone number is NOT shown. | K8: Not Run
A9: 5 | B9: DRV-005 | C9: Tab title | D9: DRV | E9: High | F9: No | G9: One open offer. | H9: 1. Switch to another tab and read this tab's title. | I9: '(1) New ride offer'. With two offers '(2) New ride offers'. Back to the normal title when there are none. | K9: Not Run
A10: 6 | B10: DRV-006 | C10: Sound | D10: DRV | E10: Medium | F10: No | G10: Speakers on. | H10: 1. Click 'Sound: off'. 2. Reload. 3. Have REQ book another eligible ride and wait 20 seconds. | I10: A two-tone chime plays on switching on; the button reads 'Sound: on' and stays on after reload. The chime plays again when the offer count rises, and not on later polls while the count is unchanged. | K10: Not Run
A11: 7 | B11: DRV-007 | C11: Countdown | D11: DRV | E11: High | F11: No | G11: An open offer; wait until under 1 minute is left (about 14 minutes). | H11: 1. Watch the last minute and past zero. | I11: Highlighted as urgent from 60 seconds. At 0 Accept is disabled. On the next poll the card disappears although the offer row stays Pending in the list. | K11: Not Run
A12: 8 | B12: DRV-008 | C12: Items offer card | D12: DRV | E12: Low | F12: No | G12: An open offer for an Items or Documents request (needs Mohammed Iqbal's own login), or mark Blocked. | H12: 1. Read the card. | I12: 'Items: <description>' is shown instead of Passengers. | K12: Not Run
A13: 9 | B13: DRV-009 | C13: Offer for another driver | D13: DRV | E13: Medium | F13: No | G13: A Yas Pathfinder request is Broadcasting (offer to Jomon only). | H13: 1. Look at the Driver Dashboard as DRV. | I13: No card. A driver sees only offers made to their own driver record. | K13: Not Run
A14: 10 | B14: DRV-010 | C14: Refresh now | D14: DRV | E14: Low | F14: No | G14: - | H14: 1. Click 'Refresh now' right after a booking. | I14: The offer appears immediately. | K14: Not Run
A15: 11 | B15: DRV-011 | C15: Accept | D15: DRV | E15: High | F15: No | G15: An open offer for a Kicks / Creta request from Al Maryah Tower. AUH-90123 is free. | H15: 1. Click Accept. 2. Check TransportRequests, TripAssignments, RideOffers, DriversMaster, VehicleMaster, TripStatusHistory. | I15: - Button 'Accepting…'. The card moves to My trips today with badge Assigned and the note to tap On my way. - Request: Allocated, AcceptedTrip set. - Trip: Title TR-00nn, Assigned, Automatic, IsOverride No, Driver Rashid Al Mansoori, Vehicle AUH-90123, AcceptedOn = now. - Rashid's offer: Accepted, RespondedOn set, Vehicle AUH-90123. Suresh's (and Arun's) offers: Closed, not Expired. - Rashid Status On Trip. AUH-90123 VehStatus On Trip. - History: ToStatus Assigned, 'Accepted from broadcast. Ref <id>'. | K15: Not Run
A16: 12 | B16: DRV-012 | C16: Accept - double click | D16: DRV | E16: Medium | F16: No | G16: An open offer. | H16: 1. Double-click Accept quickly. 2. Count the trips for that request. | I16: One trip only. The button disables after the first click. | K16: Not Run
... A38: 34 | B38: DRV-034 | C38: Web part settings | D38: Page editor | E38: Low | F38: No | G38: Edit the page. | H38: 1. Change the poll seconds. | I38: The empty-state text and footer show the new interval. | K38: Not Run

Sheet 5 Dispatch Dashboard
A1: Dispatch Dashboard
A2: The Coordinator's page.
A4: Step | B4: ID | C4: Feature | D4: Sign in as | E4: Priority | F4: Flow related | G4: Before you start | H4: Test steps | I4: Expected result | J4: Actual result | K4: Status | L4: Notes / Bug ID | M4: Tested by | N4: Date tested
A5: 1 | B5: DSP-001 | C5: Load | D5: COORD | E5: High | F5: No | G5: COORD is not a driver. Before any new booking. | H5: 1. Open Dispatch. | I5: Caption 'Last refreshed hh:mm. Counters filter the grids below.' Six counters, Ongoing trips grid, Pending requests grid, Availability tabs. | K5: Not Run
A6: 2 | B6: DSP-002 | C6: Counters - starting state | D6: COORD | E6: High | F6: No | G6: No open trips (SET-007). | H6: 1. Read the counters. | I6: - Ongoing trips 0. Pending requests 2 (FB-0020, FB-0021). Allocated pairs 0. - Available drivers 5 (everyone except Ali Hassan, On Leave). Available vehicles 6. - Completed trips: trips with status Completed and a drop time in October 2026; expect 1 if TR-0002 was completed normally. Record it. - No amber 'need allocating' notice, because nothing is Awaiting Coordinator. | K6: Not Run
A7: 3 | B7: DSP-003 | C7: Pending grid | D7: COORD | E7: High | F7: No | G7: Starting state. | H7: 1. Read the Pending requests grid. | I7: - FB-0020 · 09/10/2026, 19:30 · Items or Documents · Kicks / Creta · Broadcasting. - FB-0021 · 07/10/2026, 19:00 · Staff · Kicks / Creta · Broadcasting. - Each row has Assign, Reject, Cancel. 'Ongoing trips' says 'No trips are under way.' | K7: Not Run
A8: 4 | B8: DSP-004 | C8: Expired broadcast is not flagged | D8: COORD | E8: High | F8: No | G8: FB-0020 and FB-0021 have been Broadcasting since 7 and 8 Oct. | H8: 1. Look for any sign on the dashboard that their offer windows have closed. | I8: A request nobody accepted should reach the Coordinator as an escalation. Without Flow 2 these two look like ordinary live broadcasts. Record what the Coordinator can see. | K8: Not Run
A9: 5 | B9: DSP-005 | C9: Availability - drivers | D9: COORD | E9: High | F9: No | G9: Starting state. | H9: 1. Open the Drivers tab. | I9: - 'Drivers (6)'. Columns Driver, Status, Current task, Cap, Property. - Ali Hassan On Leave; the rest Available. Suresh Nair cap 2; the rest cap 1. - Property: Al Maryah Tower for Rashid, Suresh, Mohammed, Arun; Yas Island Resort for Jomon and Ali. Current task 'None' for all. | K9: Not Run
A10: 6 | B10: DSP-006 | C10: Availability - vehicles | D10: COORD | E10: High | F10: No | G10: Starting state. | H10: 1. Open the Vehicles tab. | I10: 'Vehicles (6)': AUH-45678 Black Nissan Pathfinder, AUH-56789 White Nissan Patrol, AUH-67890 White Isuzu NPR (Chiller Van), AUH-78901 White Isuzu NPR (Hot and Cold Van), AUH-89012 White Mitsubishi Canter (Animal Van), AUH-90123 Grey Nissan Kicks. All Available, task None. | K10: Not Run
A11: 7 | B11: DSP-007 | C11: Counter as filter | D11: COORD | E11: High | F11: No | G11: - | H11: 1. Click 'Ongoing trips', then again. 2. Click 'Pending requests', then again. | I11: Ongoing hides the Pending grid; Pending hides the Ongoing grid; a second click restores. The active counter is marked. | K11: Not Run
A12: 8 | B12: DSP-008 | C12: Counter as filter | D12: COORD | E12: Medium | F12: No | G12: - | H12: 1. Click 'Available drivers', then 'Available vehicles'. | I12: The Availability panel switches to Drivers, then Vehicles. | K12: Not Run
A13: 9 | B13: DSP-009 | C13: Counter as filter | D13: COORD | E13: Low | F13: No | G13: - | H13: 1. Click 'Completed trips', then 'Allocated pairs'. | I13: The design says every counter filters the grids. Record what changes on screen. | K13: Not Run
A14: 10 | B14: DSP-010 | C14: Completed period | D14: COORD | E14: Medium | F14: No | G14: - | H14: 1. Choose 'Last 2 months' in 'Completed counter period'. 2. Read the dropdown label. 3. Try to return to 'This month'. | I14: The dropdown should show the chosen option and allow going back. Record what it shows after each choice. | K14: Not Run
A15: 11 | B15: DSP-011 | C15: Column filters | D15: COORD | E15: Medium | F15: No | G15: Several pending requests of different types. | H15: 1. Click the Request type header; tick Staff; press Escape. 2. Also filter Status. 3. Clear each. | I15: The popup lists only values present. Header shows '▼ filtered (1)'. Two filters combine. Escape and clicking outside close the popup. | K15: Not Run
A16: 12 | B16: DSP-012 | C16: Assign panel - FB-0020 | D16: COORD | E16: High | F16: No | G16: FB-0020 is Broadcasting. | H16: 1. Click Assign on FB-0020. | I16: - Panel 'Assign FB-0020': Central Warehouse → Head Office · 09/10/2026, 19:30 · Kicks / Creta. - No amber 'offer window closed' notice (that only shows for Awaiting Coordinator). - Drivers: Rashid, Suresh, Jomon, Arun '· eligible'; Mohammed Iqbal and Ali Hassan '· Not qualified for this vehicle type'. - Vehicles: AUH-90123 with no warning; the other five '· different vehicle type'. | K16: Not Run
... A42: 38 | B42: DSP-038 | C42: Web part settings | D42: Page editor | E42: Low | F42: No | G42: Edit the page. | H42: 1. Change the refresh seconds. | I42: The dashboard refreshes at the new interval. | K42: Not Run

Sheet 6 Fleet Reports
A1: Fleet Reports
A2: The eight reports and their exports. Run this after the others so there is data to report on.
A4: Step | B4: ID | C4: Feature | D4: Sign in as | E4: Priority | F4: Flow related | G4: Before you start | H4: Test steps | I4: Expected result | J4: Actual result | K4: Status | L4: Notes / Bug ID | M4: Tested by | N4: Date tested
A5: 1 | B5: RPT-001 | C5: Load | D5: COORD | E5: High | F5: No | G5: - | H5: 1. Open Fleet Reports. | I5: Filter bar From, To, Property, Request type, Vehicle type, Run report. Eight report buttons. 'No report has been run yet'. | K5: Not Run
A6: 2 | B6: RPT-002 | C6: Default range | D6: COORD | E6: Medium | F6: No | G6: - | H6: 1. Read the default From and To. | I6: Should be the 1st and last day of the current month. Record the dates shown. | K6: Not Run
A7: 3 | B7: RPT-003 | C7: Dropdowns | D7: COORD | E7: Medium | F7: No | G7: - | H7: 1. Open Property, Request type and Vehicle type. | I7: Property: All properties, Al Maryah Tower, Yas Island Resort, Khalifa Industrial Park. Request type: the three types. Vehicle type: all eight. | K7: Not Run
A8: 4 | B8: RPT-004 | C8: Request fulfilment | D8: COORD | E8: High | F8: No | G8: From 01 Oct 2026, To 31 Oct 2026. | H8: 1. Click 'Request fulfilment'. 2. Compare with TransportRequests grouped by ReqStatus. | I8: Raised = requests created in the range. Allocated = Allocated + Completed. Escalated = Awaiting Coordinator. Rejected and Cancelled as in the list. Baseline before testing was Raised 3, Allocated 1 (SET-010). | K8: Not Run
A9: 5 | B9: RPT-005 | C9: Trip summary | D9: COORD | E9: High | F9: No | G9: From 01 Oct 2026, To 31 Oct 2026. | H9: 1. Click 'Trip summary'. 2. Compare with TripAssignments. | I9: One row per trip created in the range: Trip, Request, Required, Driver, Vehicle, Status, Distance (closing minus opening, blank if unfinished). The header shows 'N rows · generated <time> · live data'. | K9: Not Run
A10: 6 | B10: RPT-006 | C10: Vehicle utilisation | D10: COORD | E10: Medium | F10: No | G10: From 01 Oct 2026, To 31 Oct 2026. | H10: 1. Click 'Vehicle utilisation'. | I10: One row per vehicle used, with trips, hours between On my way and Complete, and distance. After the tests above AUH-90123 carries nearly all of it. | K10: Not Run
A11: 7 | B11: RPT-007 | C11: Driver utilisation | D11: COORD | E11: Medium | F11: No | G11: From 01 Oct 2026, To 31 Oct 2026. | H11: 1. Click 'Driver utilisation'. | I11: One row per driver with trips, hours and trips per day (trips divided by 31). | K11: Not Run
A12: 8 | B12: RPT-008 | C12: Broadcast effectiveness | D12: COORD | E12: High | F12: No | G12: From 01 Oct 2026, To 31 Oct 2026. | H12: 1. Click 'Broadcast effectiveness'. 2. Count trips by AllocationMode in the list. | I12: Auto-allocated = trips with AllocationMode Automatic; Manually assigned = Manual; Escalated = requests now Awaiting Coordinator; Escalation rate = escalated / raised; Median seconds to first accept from the Accepted offers. | K12: Not Run
A13: 9 | B13: RPT-009 | C13: Driver response behaviour | D13: COORD | E13: High | F13: No | G13: From 01 Oct 2026, To 31 Oct 2026. | H13: 1. Click 'Driver response behaviour'. 2. Compare with RideOffers grouped by Driver and ResponseStatus. | I13: One row per driver offered anything: Offers received, Accepted, Rejected, Expired, most common rejection reason. Suresh and Arun show offers with nothing accepted, because nobody can sign in as them. | K13: Not Run
A14: 10 | B14: RPT-010 | C14: Rejection and cancellation | D14: COORD | E14: Medium | F14: No | G14: From 01 Oct 2026, To 31 Oct 2026. | H14: 1. Click 'Rejection and cancellation analysis'. | I14: One row per rejection reason used by drivers, plus 'Cancelled by requester or Coordinator' = number of Cancelled requests, largest first. | K14: Not Run
A15: 11 | B15: RPT-011 | C15: Demand by time and route | D15: COORD | E15: Medium | F15: No | G15: From 01 Oct 2026, To 31 Oct 2026. Before new bookings. | H15: 1. Click 'Demand by time and route'. | I15: At the start: one row, 19:00, Requests 3, most common route 'Head Office to Yas Mall'. New bookings add rows for their hours. | K15: Not Run
A16: 12 | B16: RPT-012 | C16: Filter - property | D16: COORD | E16: Medium | F16: No | G16: Requests exist for more than one property. | H16: 1. Set Property to Yas Island Resort; run 'Request fulfilment'. | I16: Raised counts only Yas Island Resort requests. | K16: Not Run
... A26: 22 | B26: RPT-022 | C26: Result grid | D26: COORD | E26: Low | F26: No | G26: Trip summary on screen. | H26: 1. Filter the Driver column; look at Distance. | I26: Text columns filter from a list; numeric columns are right-aligned with no filter. | K26: Not Run

Sheet 7 Across web parts
A1: Across web parts
A2: Roles, full journeys through several web parts, permissions, and look and feel.
A4: Step | B4: ID | C4: Feature | D4: Sign in as | E4: Priority | F4: Flow related | G4: Before you start | H4: Test steps | I4: Expected result | J4: Actual result | K4: Status | L4: Notes / Bug ID | M4: Tested by | N4: Date tested
A5: 1 | B5: ROL-001 | C5: Requester by default | D5: A login in no FM group | E5: Medium | F5: No | G5: If you have such a login. | H5: 1. Open Book a Ride and go to step 4. | I5: The wizard works. Anyone who can open the site is treated as a requester. | K5: Not Run
A6: 2 | B6: ROL-002 | C6: Not a driver | D6: REQ | E6: High | F6: No | G6: REQ has no DriversMaster row. | H6: 1. Open the Driver Dashboard. | I6: 'You are not set up as a driver', with the explanation that the account is not linked to a DriversMaster record. | K6: Not Run
A7: 3 | B7: ROL-003 | C7: Which driver am I | D7: DRV | E7: High | F7: No | G7: SET-004 done. | H7: 1. Open the Driver Dashboard as DRV. 2. From REQ, book: pickup Yas Resort Reception, destination Yas Mall, today within 4 hours, Client or Client Guest, Pathfinder, 2 passengers. 3. Check RideOffers, then the Driver Dashboard. | I7: RideOffers gets one Pending offer, for Jomon Varghese. If all drivers share DRV's login, the Driver Dashboard still shows NO offer, which proves the login acts as one driver only. Cancel the request from Dispatch afterwards. | K7: Not Run
A8: 4 | B8: ROL-004 | C8: Restricted report | D8: A login not in FM Admins or FM Coordinators | E8: High | F8: No | G8: - | H8: 1. Open Fleet Reports and count the report buttons. | I8: 7 reports. 'Driver response behaviour' is not shown. | K8: Not Run
A9: 5 | B9: ROL-005 | C9: Restricted report | D9: COORD | E9: Medium | F9: No | G9: COORD is in FM Admins or FM Coordinators. | H9: 1. Open Fleet Reports and click 'Driver response behaviour'. | I9: 8 reports. This one is marked 'Restricted · shows individual acceptance rates' and shows an amber notice above its results. | K9: Not Run
A10: 6 | B10: ROL-006 | C10: Page gating | D10: REQ | E10: Medium | F10: No | G10: REQ is not a Coordinator. | H10: 1. Open the Dispatch Dashboard. 2. Open Fleet Reports. | I10: By design a requester uses only Book a Ride and My Bookings. Record what REQ can see and do on each page (does the dashboard load, are Assign / Reject / Cancel shown, can reports run). | K10: Not Run
A11: 7 | B11: ROL-007 | C11: Property scoping | D11: COORD | E11: High | F11: No | G11: COORD has no DriversMaster row. | H11: 1. Open Dispatch and read the Availability tabs. | I11: All three properties are shown: Drivers (6), Vehicles (6). | K11: Not Run
A12: 8 | B12: ROL-008 | C12: Property scoping | D12: DRV | E12: High | F12: No | G12: DRV is Rashid, home property Al Maryah Tower. | H12: 1. Open Dispatch as DRV and read the Availability tabs and the Pending grid. | I12: The page is scoped to Rashid's properties. With home-only links: Drivers (4) - Rashid, Suresh, Mohammed, Arun; Vehicles (2) - AUH-67890 and AUH-90123; only Al Maryah Tower requests. Yas and Khalifa are hidden. A Coordinator must therefore not use a driver login. | K12: Not Run
A13: 9 | B13: ROL-009 | C13: Bootstrap | D13: COORD | E13: Low | F13: No | G13: A page with two or more of the web parts. | H13: 1. Open it with the network tab filtered on 'currentuser'. | I13: The user and group lookups happen once for the page, not once per web part. | K13: Not Run
A14: 10 | B14: E2E-001 | C14: Automatic, start to finish | D14: REQ + DRV | E14: High | F14: Yes | G14: No open trips. Mark email lines N/A if flows are not built. | H14: 1. REQ books: pickup Head Office, destination Reem Island Office, Today, a slot within the next 4 hours, Staff, Kicks / Creta, 2 passengers. 2. Rashid sees the offer within 20 seconds and accepts. 3. REQ's screen moves to Booking confirmed. 4. Rashid: On my way (50000), Picked up, Complete (50042). 5. REQ watches Track my ride. 6. Wait 10 minutes; check Dispatch and Trip summary. | I14: - Trip Completed with both readings, 42 km. Offers: Rashid Accepted, Suresh Closed. - Four TripStatusHistory rows. - With flows: request Completed, Rashid and AUH-90123 Available, one Daily Trip Sheet row, six emails. - Without flows: request stays Allocated; Rashid and AUH-90123 read On Trip. | K14: Not Run
A15: 11 | B15: E2E-002 | C15: Existing request, manual, start to finish | D15: COORD + DRV | E15: High | F15: No | G15: FB-0020 is Broadcasting. | H15: 1. COORD assigns FB-0020 to Rashid with AUH-90123 (DSP-013). 2. Rashid sees it with no Accept step and runs the three taps. 3. Run 'Broadcast effectiveness'. | I15: FB-0020 goes Broadcasting → Allocated; trip Manual → Completed. 'Manually assigned' rises by one. | K15: Not Run
A16: 12 | B16: E2E-003 | C16: Escalation then manual | D16: REQ + COORD | E16: High | F16: No | G16: - | H16: 1. REQ books Patrol from Head Office to Yas Mall. 2. COORD opens Assign, picks Rashid (qualified for Patrol) and AUH-56789 (Patrol, based at Yas). 3. Rashid completes it. | I16: Escalates at once. Rashid reads eligible and AUH-56789 has no warning (the panel does not compare the vehicle's property), so no override reason is asked. The trip runs normally. | K16: Not Run
... A43: 39 | B43: NFR-013 | C43: Browsers | D43: DRV | E43: Medium | F43: No | G43: Edge, Chrome, a phone browser. | H43: 1. Open the Driver Dashboard and Book a Ride in each. | I43: Both work, including the chime and tab title on desktop. | K43: Not Run

Sheet Data Findings
A1: # | B1: List | C1: Finding | D1: Why it matters | E1: Suggested action | F1: Confirm with step | G1: Confirmed? (Yes / No) | H1: Notes
A2: D-01 | B2: DriversMaster | C2: All six drivers appear to share one login | D2: Every row shows 'Queinfotech aliakbar' in the person column. The dashboard picks one driver record per login, so only one driver can ever be operated, offers to the other five sit unseen, and the first-accept race cannot be tested. | E2: Give each driver their own account in UserAccount. | F2: SET-004
A3: D-02 | B3: Locations | C3: Four locations have no Property | D3: Zayed International Airport T1 and T3, Cleveland Clinic Abu Dhabi and Downtown Abu Dhabi. A trip belongs to the pickup's property, so a normal requester cannot book a pickup from any of them; the booking is refused. | E3: Set a Property on them, or accept that they are destinations only. | F3: BAR-030
A4: D-03 | B4: DriversMaster / AvailabilityBlocks | C4: Ali Hassan may be offered work while on leave | D4: His Status is On Leave, but the engine excludes a driver only through an AvailabilityBlocks row. He is the only Yas driver qualified for Patrol, so a Yas Patrol booking would go to him. | E4: Add a Leave block for every driver on leave. | F4: ALC-008
A5: D-04 | B5: DriversMaster | C5: No driver is qualified for Hot and Cold Van, Animal Van or Others | D5: AUH-78901 and AUH-89012 exist but can never be allocated automatically. Requests for those types always go to the Coordinator. | E5: Add the qualifications to the right drivers. | F5: ALC-012
A6: D-05 | B6: VehicleMaster | C6: No Cargo Van exists | D6: Mohammed Iqbal is qualified for Cargo Van and the booking wizard offers it, but there is no such vehicle, so every Cargo Van request escalates. | E6: Add the vehicle or deactivate the type. | F6: ALC-005
A7: D-06 | B7: DriversMaster | C7: No driver is based at Khalifa Industrial Park | D7: Unless DLClientMaster links someone to it, every pickup from Khalifa Plant Gate 2 or Khalifa Admin Block escalates. No passenger vehicle is based there either. | E7: Add DLClientMaster links and vehicles as intended. | F7: ALC-011
A8: D-07 | B8: VehicleMaster | C8: One vehicle of each type per property | D8: Al Maryah Tower has one Kicks / Creta and one Chiller Van; Yas has one Pathfinder and one Patrol. A single open trip therefore blocks that type at that property and the next request escalates. | E8: Expected with a fleet this small; be aware when reading escalation rates. | F8: -
A9: D-08 | B9: VehicleMaster | C9: Rashid Al Mansoori is the default driver of all six vehicles | D9: Including four vans he is not qualified to drive and vehicles at two other properties. The default driver only decides which free vehicle is preferred on accept, so it does no harm, but it looks like placeholder data. | E9: Set real default drivers or clear the column. | F9: -
A10: D-09 | B10: DriversMaster | C10: Arun Prasad's licence expires on 10 Oct 2026 | D10: From that date he is excluded from every broadcast. Useful as a licence test; a problem if he is a real driver. | E10: Renew the date if he should keep working. | F10: -
A11: D-10 | B11: TransportRequests | C11: FB-0020 and FB-0021 are stuck in Broadcasting | D11: Their offer windows closed on 8 and 7 Oct. Nothing in the web part moves a request on after the window; only Flow 2 does. The requester still sees 'finding you a driver'. | E11: Build Flow 2 first, or cancel them from Dispatch. | F11: SET-008
A12: D-11 | B12: TransportRequests | C12: FB-0020 holds values the wizard cannot produce | D12: Items or Documents with vehicle type Kicks / Creta and 4 passengers, a ReleaseAt before its real release time, and an AcceptedTrip (TR-0003) while Broadcasting. Looks hand-edited during flow testing. | E12: Fine as test data; do not treat its numbers as real. | F12: -
A13: D-12 | B13: TransportRequests | C13: Two stale columns and a default on ItemDescription | D13: A second reference column and a second status column (always 'Submitted') are never written by the web part. ItemDescription reads 'Documents' on Staff requests. | E13: Hide or delete the two columns; remove the default. | F13: SET-009
A14: D-13 | B14: DLClientMaster, AvailabilityBlocks, RideOffers, TripAssignments | C14: Not supplied | D14: Expected drivers in module 04 assume home-property-only links and no open trips. Send these four lists and I can replace the assumptions with exact figures. | E14: See SET-005 to SET-007. | F14: SET-005
B16: Note | C16: Source: the list data you pasted on 9 Oct 2026. Column meanings were inferred from the order of the pasted values; confirm anything that looks wrong against the lists.

Sheet Code Review Risks
A1: # | B1: Area | C1: What I expect to go wrong | D1: Why (from reading the code) | E1: Where in the code | F1: Confirm with step | G1: Confirmed? (Yes / No) | H1: Notes
A2: R-01 | B2: My Bookings | C2: Cancelling while Broadcasting does nothing but says a driver accepted | D2: The screen offers 'Ask to cancel' for Broadcasting. The service only cancels Submitted, Held and Awaiting Coordinator; otherwise it returns the 'driver has already accepted' message. With no trip there is nothing to write. | E2: src/common/rules/statusTransitions.ts (cancellationNeedsCoordinator); src/common/services/DispatchService.ts (cancel) | F2: MYB-008
A3: R-02 | B3: Dispatch | C3: No way to cancel an Allocated request | D3: Cancel exists only on Pending rows; the Ongoing grid has no actions. | E3: src/webparts/dispatchDashboard/components/DispatchDashboard.tsx | F3: DSP-030
A4: R-03 | B4: Dispatch | C4: Reassign is not reachable | D4: DispatchService.reassign has no caller. | E4: src/common/services/DispatchService.ts (reassign) | F4: DSP-031
A5: R-04 | B5: Dispatch | C5: Set ETA is not reachable | D5: DispatchService.setEta has no caller, so ETA always reads 'not set'. | E5: src/common/services/DispatchService.ts (setEta) | F5: DSP-032
A6: R-05 | B6: Dispatch | C6: An expired broadcast looks like a live one | D6: Nothing on the page compares OfferClosesAt with the current time, so without Flow 2 the Coordinator is never told. | E6: src/webparts/dispatchDashboard/components/DispatchDashboard.tsx | F6: DSP-004
A7: R-06 | B7: Dispatch | C7: Assign panel never shows the on-leave verdict | D7: It passes an empty list of availability blocks to the eligibility check and does not look at Status, so Ali Hassan can be assigned with no override reason. | E7: DispatchDashboard.tsx (AssignmentPanel, blocks: []) | F7: DSP-020
A8: R-07 | B8: Dispatch | C8: Assign panel ignores trips that are only Assigned | D8: Its open-trip list is the Ongoing grid (En Route, In Transit), so a driver or vehicle on an Assigned trip is not flagged. | E8: DispatchDashboard.tsx (openTrips from snapshot.ongoingTrips) | F8: DSP-022
A9: R-08 | B9: Dispatch | C9: Assign panel gives the wrong reason for an immediate escalation | D9: For any Awaiting Coordinator request the notice starts 'The offer window closed with nobody accepting', even when no offer was made. | E9: DispatchDashboard.tsx (AssignmentPanel notice) | F9: DSP-023
A10: R-09 | B10: Dispatch | C10: Held requests are invisible | D10: The snapshot does not read Held. | E10: src/common/services/DispatchService.ts (getSnapshot) | F10: DSP-033
A11: R-10 | B11: Dispatch | C11: Two counters do not filter | D11: Completed trips and Allocated pairs only highlight. | E11: DispatchDashboard.tsx (visibleTrips, visibleRequests) | F11: DSP-009
A12: R-11 | B12: Dispatch | C12: Completed period dropdown always reads 'This month' | D12: Its value is bound to the period start, which is also the first option's value. | E12: DispatchDashboard.tsx (period Select) | F12: DSP-010
A13: R-12 | B13: Dispatch | C13: A Coordinator who is also a driver sees only that driver's properties | D13: Property scope is taken from the driver record whenever one exists. | E13: src/common/services/UserService.ts (propertyIds) | F13: ROL-008
... A24: R-23 | B24: Permissions | C24: Claim can half-complete without Contribute on master lists | D24: Driver and vehicle status are written after the trip is created. | E24: DispatchService.ts (completeClaim); Build Guide v4 section 2.4 | F24: PRM-002
B26: Note | C26: These come from reading the source (commit 05e84ee), not from running the app. Nothing is confirmed until the linked step has been run.

Sheet Bug Log
A1: Bug ID | B1: Date found | C1: Step ID | D1: Web part | E1: Summary | F1: Steps to reproduce | G1: Expected | H1: Actual | I1: Severity | J1: Status | K1: Evidence (screenshot / console) | L1: Fixed in / retest date
A2: EXAMPLE | B2: 12-Oct-2026 | C2: MYB-008 | D2: My Bookings | E2: Cannot cancel a Broadcasting request | F2: 1. Open My Bookings as Noreply Myhub. 2. Select FB-0021. 3. Click the cancel button, give a reason, confirm. | G2: Request is cancelled. | H2: Message says a driver already accepted; nothing changed in the list. | I2: High | J2: Open | K2: Screenshot myb-008.png
A61: Row 2 is an example showing the expected format. Start your own entries from row 3.
